"esn","name","total_secs","after_loss","dif","total_percent","bridge_loss","bridge_loss_count","bridge_percent","camera_loss","camera_loss_count","camera_percent","switch_loss","switch_loss_count","switch_percent","month","day"
"100354fd","JFK2 - 30561","6048000","6043830","4170","99.9300%","0","0","0.0000%","1297","3","31.1000%","2873","3","68.9000%","11","3"
"100736ee","SEA2 - 31242","2764800","2760230","4570","99.8300%","0","0","0.0000%","4570","6","100.0000%","0","0","0.0000%","11","3"
"1000e712","DEN - EEN-BR820-30333","3024000","3019687","4313","99.8600%","0","0","0.0000%","4313","5","100.0000%","0","0","0.0000%","11","3"
"100317d3","SFO1 - 34022","3888000","3882959","5041","99.8700%","0","0","0.0000%","1504","3","29.8400%","3537","2","70.1600%","11","3"
"10105ff7","MIA1 - 31492","7689600","7687055","2545","99.9700%","0","0","0.0000%","1840","42","72.3000%","705","8","27.7000%","11","3"
"1004c0ff","ORD7 - 30832","2505600","2499433","6167","99.7500%","1845","1","29.9200%","4322","4","70.0800%","0","0","0.0000%","11","3"
"100112ce","ATL1 - 31335","6739200","6737895","1305","99.9800%","0","0","0.0000%","1305","4","100.0000%","0","0","0.0000%","11","3"
"10090323","IAH1 - 30554","3628800","3618535","10265","99.7200%","0","0","0.0000%","2199","3","21.4200%","8066","3","78.5800%","11","3"
"10035cb5","IAH3 - 30178","3369600","3368603","997","99.9700%","0","0","0.0000%","997","3","100.0000%","0","0","0.0000%","11","3"
"10015d48","BOS1- 34148","5616000","5616000","0","100.0000%","0","0","0%","0","0","0%","0","0","0%","11","3"
"100eed3d","ORD2 - 30567","4838400","4837464","936","99.9800%","0","0","0.0000%","936","4","100.0000%","0","0","0.0000%","11","3"
"10083044","ORD5 - 30834","5011200","4996569","14631","99.7100%","1395","2","9.5300%","9915","13","67.7700%","3321","2","22.7000%","11","3"
"10109078","DTW - 30560","2851200","2848600","2600","99.9100%","0","0","0.0000%","2600","8","100.0000%","0","0","0.0000%","11","3"
"10007c0c","ORD1 - 31387","3283200","3279501","3699","99.8900%","0","0","0.0000%","3699","5","100.0000%","0","0","0.0000%","11","3"
"100d7b9b","SEA1 - 31232","4406400","4393569","12831","99.7100%","0","0","0.0000%","7112","6","55.4300%","5719","4","44.5700%","11","3"
"1000fede","ORD3 - 30566","6048000","6040969","7031","99.8800%","0","0","0.0000%","7031","8","100.0000%","0","0","0.0000%","11","3"
"100b317d","ATL2 - 30564","6134400","6117858","16542","99.7300%","0","0","0.0000%","2063","17","12.4700%","14479","4","87.5300%","11","3"
"100d1583","IAD - 30153","3456000","3454331","1669","99.9500%","0","0","0.0000%","0","0","0.0000%","1669","1","100.0000%","11","3"
"10093b39","PHL - 31493","5529600","5517899","11701","99.7900%","0","0","0.0000%","9076","9","77.5700%","2625","2","22.4300%","11","3"
"100248df","ORD4 - 30191","6048000","6037634","10366","99.8300%","0","0","0.0000%","6409","6","61.8300%","3957","1","38.1700%","11","3"
"1001eb37","BOS2 - 31336","2592000","2591550","450","99.9800%","0","0","0.0000%","450","2","100.0000%","0","0","0.0000%","11","3"
"10077d26","SJU1 - 31559","5702400","5697223","5177","99.9100%","0","0","0.0000%","5177","5","100.0000%","0","0","0.0000%","11","3"
"10033c8f","IAH2 - 30556","2937600","2926859","10741","99.6300%","0","0","0.0000%","5490","6","51.1100%","5251","2","48.8900%","11","3"
"1008252d","RDU - 30177","2332800","2332496","304","99.9900%","0","0","0.0000%","304","2","100.0000%","0","0","0.0000%","11","3"
"1007809a","LAX2 - 30668","6134400","6126946","7454","99.8800%","0","0","0.0000%","1864","2","25.0100%","5590","3","74.9900%","11","3"
"10061de1","MIA2 - 31246","5961600","5960237","1363","99.9800%","0","0","0.0000%","0","0","0.0000%","1363","1","100.0000%","11","3"
"100c3985","JFK1 - 30557","5184000","5158262","25738","99.5000%","9265","2","36.0000%","16247","12","63.1200%","226","1","0.8800%","11","3"
"1009004c","CVG - 32885","3196800","3193966","2834","99.9100%","1245","1","43.9300%","1589","1","56.0700%","0","0","0.0000%","11","3"
"1009e6c6","LAX1 - 30331","5616000","5608893","7107","99.8700%","0","0","0.0000%","6208","11","87.3500%","899","1","12.6500%","11","3"
"1002ea86","ORD6 - 30833","2678400","2676182","2218","99.9200%","0","0","0.0000%","2218","2","100.0000%","0","0","0.0000%","11","3"
"1004bbe9","SFO2 - 30555","5875200","5874861","339","99.9900%","0","0","0.0000%","339","2","100.0000%","0","0","0.0000%","11","3"
"1001f8a7","PDX - 32813","4665600","4664717","883","99.9800%","0","0","0.0000%","883","1","100.0000%","0","0","0.0000%","11","3"
"10012346","DFW2 - 29295","3801600","3795226","6374","99.8300%","0","0","0.0000%","3559","7","55.8400%","2815","3","44.1600%","11","3"
"100a54e9","DFW1 - 29290","3974400","3964824","9576","99.7600%","0","0","0.0000%","5808","9","60.6500%","3768","2","39.3500%","11","3"
"100354fd","JFK2 - 30561","6048000","6038807","9193","99.8500%","4178","2","45.4500%","612","2","6.6600%","4403","4","47.9000%","11","2"
"100736ee","SEA2 - 31242","2764800","2764220","580","99.9800%","0","0","0.0000%","580","3","100.0000%","0","0","0.0000%","11","2"
"1000e712","DEN - EEN-BR820-30333","3024000","3023743","257","99.9900%","0","0","0.0000%","257","2","100.0000%","0","0","0.0000%","11","2"
"100317d3","SFO1 - 34022","3888000","3887466","534","99.9900%","0","0","0.0000%","534","6","100.0000%","0","0","0.0000%","11","2"
"10105ff7","MIA1 - 31492","7689600","7682742","6858","99.9100%","0","0","0.0000%","3301","138","48.1300%","3557","103","51.8700%","11","2"
"1004c0ff","ORD7 - 30832","2505600","2486333","19267","99.2300%","0","0","0.0000%","817","7","4.2400%","18450","8","95.7600%","11","2"
"100112ce","ATL1 - 31335","6739200","6730595","8605","99.8700%","0","0","0.0000%","1818","6","21.1300%","6787","5","78.8700%","11","2"
"10090323","IAH1 - 30554","3628800","3624618","4182","99.8800%","0","0","0.0000%","1183","6","28.2900%","2999","1","71.7100%","11","2"
"10035cb5","IAH3 - 30178","3369600","3369350","250","99.9900%","0","0","0.0000%","250","2","100.0000%","0","0","0.0000%","11","2"
"10015d48","BOS1- 34148","5616000","5616000","0","100.0000%","0","0","0%","0","0","0%","0","0","0%","11","2"
"100eed3d","ORD2 - 30567","4838400","4833599","4801","99.9000%","0","0","0.0000%","4566","10","95.1100%","235","1","4.8900%","11","2"
"10083044","ORD5 - 30834","5011200","5005882","5318","99.8900%","2003","3","37.6600%","650","4","12.2200%","2665","2","50.1100%","11","2"
"10109078","DTW - 30560","2851200","2847383","3817","99.8700%","0","0","0.0000%","1618","8","42.3900%","2199","2","57.6100%","11","2"
"10007c0c","ORD1 - 31387","3283200","3280803","2397","99.9300%","0","0","0.0000%","1245","3","51.9400%","1152","1","48.0600%","11","2"
"100d7b9b","SEA1 - 31232","4406400","4397894","8506","99.8100%","3748","1","44.0600%","4758","9","55.9400%","0","0","0.0000%","11","2"
"1000fede","ORD3 - 30566","6048000","5173679","874321","85.5400%","872253","3","99.7600%","1808","7","0.2100%","260","1","0.0300%","11","2"
"100b317d","ATL2 - 30564","6134400","6118218","16182","99.7400%","0","0","0.0000%","4954","7","30.6100%","11228","4","69.3900%","11","2"
"100d1583","IAD - 30153","3456000","3455519","481","99.9900%","0","0","0.0000%","481","1","100.0000%","0","0","0.0000%","11","2"
"10093b39","PHL - 31493","5529600","5518994","10606","99.8100%","0","0","0.0000%","10346","13","97.5500%","260","1","2.4500%","11","2"
"100248df","ORD4 - 30191","6048000","6047159","841","99.9900%","0","0","0.0000%","841","3","100.0000%","0","0","0.0000%","11","2"
"1001eb37","BOS2 - 31336","2592000","2591203","797","99.9700%","0","0","0.0000%","352","2","44.1700%","445","2","55.8300%","11","2"
"10077d26","SJU1 - 31559","5702400","5692634","9766","99.8300%","9755","2","99.8900%","11","1","0.1100%","0","0","0.0000%","11","2"
"10033c8f","IAH2 - 30556","2937600","2937477","123","100.0000%","0","0","0.0000%","123","1","100.0000%","0","0","0.0000%","11","2"
"1008252d","RDU - 30177","2332800","2331090","1710","99.9300%","0","0","0.0000%","1710","4","100.0000%","0","0","0.0000%","11","2"
"1007809a","LAX2 - 30668","6134400","6131562","2838","99.9500%","0","0","0.0000%","1003","6","35.3400%","1835","2","64.6600%","11","2"
"10061de1","MIA2 - 31246","5961600","5952654","8946","99.8500%","5372","1","60.0500%","1238","4","13.8400%","2336","2","26.1100%","11","2"
"100c3985","JFK1 - 30557","5184000","5149378","34622","99.3300%","8844","2","25.5400%","25778","9","74.4600%","0","0","0.0000%","11","2"
"1009004c","CVG - 32885","3196800","3195313","1487","99.9500%","0","0","0.0000%","1487","4","100.0000%","0","0","0.0000%","11","2"
"1009e6c6","LAX1 - 30331","5616000","5611261","4739","99.9200%","0","0","0.0000%","4739","17","100.0000%","0","0","0.0000%","11","2"
"1002ea86","ORD6 - 30833","2678400","2676586","1814","99.9300%","0","0","0.0000%","1814","3","100.0000%","0","0","0.0000%","11","2"
"1004bbe9","SFO2 - 30555","5875200","5852186","23014","99.6100%","11902","2","51.7200%","7398","6","32.1500%","3714","1","16.1400%","11","2"
"1001f8a7","PDX - 32813","4665600","4658726","6874","99.8500%","0","0","0.0000%","6874","5","100.0000%","0","0","0.0000%","11","2"
"10012346","DFW2 - 29295","3801600","3793915","7685","99.8000%","0","0","0.0000%","5214","14","67.8500%","2471","3","32.1500%","11","2"
"100a54e9","DFW1 - 29290","3974400","3962064","12336","99.6900%","0","0","0.0000%","3580","5","29.0200%","8756","6","70.9800%","11","2"
"100354fd","JFK2 - 30561","6048000","6048000","0","100.0000%","0","0","0%","0","0","0%","0","0","0%","11","1"
"100736ee","SEA2 - 31242","2764800","2760417","4383","99.8400%","0","0","0.0000%","4383","6","100.0000%","0","0","0.0000%","11","1"
"1000e712","DEN - EEN-BR820-30333","3024000","3022499","1501","99.9500%","0","0","0.0000%","1501","2","100.0000%","0","0","0.0000%","11","1"
"100317d3","SFO1 - 34022","3888000","3886297","1703","99.9600%","0","0","0.0000%","28","2","1.6400%","1675","1","98.3600%","11","1"
"10105ff7","MIA1 - 31492","7689600","7683625","5975","99.9200%","0","0","0.0000%","2838","117","47.5000%","3137","54","52.5000%","11","1"
"1004c0ff","ORD7 - 30832","2505600","2500669","4931","99.8000%","1791","1","36.3200%","694","2","14.0700%","2446","1","49.6000%","11","1"
"100112ce","ATL1 - 31335","6739200","6733497","5703","99.9200%","0","0","0.0000%","1061","6","18.6000%","4642","1","81.4000%","11","1"
"10090323","IAH1 - 30554","3628800","3626730","2070","99.9400%","0","0","0.0000%","2070","2","100.0000%","0","0","0.0000%","11","1"
"10035cb5","IAH3 - 30178","3369600","3357754","11846","99.6500%","0","0","0.0000%","2241","3","18.9200%","9605","2","81.0800%","11","1"
"10015d48","BOS1- 34148","5616000","5616000","0","100.0000%","0","0","0%","0","0","0%","0","0","0%","11","1"
"100eed3d","ORD2 - 30567","4838400","4833184","5216","99.8900%","0","0","0.0000%","5216","9","100.0000%","0","0","0.0000%","11","1"
"10083044","ORD5 - 30834","5011200","4999112","12088","99.7600%","1299","2","10.7500%","4469","5","36.9700%","6320","4","52.2800%","11","1"
"10109078","DTW - 30560","2851200","2845161","6039","99.7900%","0","0","0.0000%","6039","10","100.0000%","0","0","0.0000%","11","1"
"10007c0c","ORD1 - 31387","3283200","3280763","2437","99.9300%","0","0","0.0000%","2437","2","100.0000%","0","0","0.0000%","11","1"
"100d7b9b","SEA1 - 31232","4406400","4398245","8155","99.8100%","3831","1","46.9800%","1524","2","18.6900%","2800","1","34.3300%","11","1"
"1000fede","ORD3 - 30566","6048000","6036712","11288","99.8100%","6424","2","56.9100%","4864","5","43.0900%","0","0","0.0000%","11","1"
"100b317d","ATL2 - 30564","6134400","6121263","13137","99.7900%","0","0","0.0000%","5619","5","42.7700%","7518","5","57.2300%","11","1"
"100d1583","IAD - 30153","3456000","3453162","2838","99.9200%","0","0","0.0000%","2838","4","100.0000%","0","0","0.0000%","11","1"
"10093b39","PHL - 31493","5529600","5139072","390528","92.9400%","0","0","0.0000%","6029","12","1.5400%","384499","2","98.4600%","11","1"
"100248df","ORD4 - 30191","6048000","6038003","9997","99.8300%","3639","1","36.4000%","6358","5","63.6000%","0","0","0.0000%","11","1"
"1001eb37","BOS2 - 31336","2592000","2590497","1503","99.9400%","0","0","0.0000%","1503","2","100.0000%","0","0","0.0000%","11","1"
"10077d26","SJU1 - 31559","5702400","5702400","0","100.0000%","0","0","0%","0","0","0%","0","0","0%","11","1"
"10033c8f","IAH2 - 30556","2937600","2934982","2618","99.9100%","0","0","0.0000%","1306","2","49.8900%","1312","1","50.1100%","11","1"
"1008252d","RDU - 30177","2332800","2331202","1598","99.9300%","0","0","0.0000%","1598","2","100.0000%","0","0","0.0000%","11","1"
"1007809a","LAX2 - 30668","6134400","6128944","5456","99.9100%","0","0","0.0000%","2722","2","49.8900%","2734","2","50.1100%","11","1"
"10061de1","MIA2 - 31246","5961600","5941691","19909","99.6700%","11089","2","55.7000%","5709","5","28.6800%","3111","3","15.6300%","11","1"
"100c3985","JFK1 - 30557","5184000","5160840","23160","99.5500%","4430","1","19.1300%","5399","7","23.3100%","13331","3","57.5600%","11","1"
"1009004c","CVG - 32885","3196800","3196128","672","99.9800%","0","0","0.0000%","672","3","100.0000%","0","0","0.0000%","11","1"
"1009e6c6","LAX1 - 30331","5616000","5606995","9005","99.8400%","699","1","7.7600%","5501","15","61.0900%","2805","1","31.1500%","11","1"
"1002ea86","ORD6 - 30833","2678400","2678400","0","100.0000%","0","0","0%","0","0","0%","0","0","0%","11","1"
"1004bbe9","SFO2 - 30555","5875200","5869389","5811","99.9000%","0","0","0.0000%","1918","3","33.0100%","3893","1","66.9900%","11","1"
"1001f8a7","PDX - 32813","4665600","4665600","0","100.0000%","0","0","0%","0","0","0%","0","0","0%","11","1"
"10012346","DFW2 - 29295","3801600","3794981","6619","99.8300%","1311","1","19.8100%","4930","6","74.4800%","378","1","5.7100%","11","1"
"100a54e9","DFW1 - 29290","3974400","3971553","2847","99.9300%","0","0","0.0000%","2847","2","100.0000%","0","0","0.0000%","11","1"
"100354fd","JFK2 - 30561","6048000","6041637","6363","99.8900%","4265","2","67.0300%","187","3","2.9400%","1911","2","30.0300%","10","31"
"100736ee","SEA2 - 31242","2764800","2764251","549","99.9800%","0","0","0.0000%","549","3","100.0000%","0","0","0.0000%","10","31"
"1000e712","DEN - EEN-BR820-30333","3024000","3023588","412","99.9900%","0","0","0.0000%","412","1","100.0000%","0","0","0.0000%","10","31"
"100317d3","SFO1 - 34022","3888000","3887517","483","99.9900%","0","0","0.0000%","483","4","100.0000%","0","0","0.0000%","10","31"
"10105ff7","MIA1 - 31492","7689600","7684720","4880","99.9400%","0","0","0.0000%","1794","102","36.7600%","3086","51","63.2400%","10","31"
"1004c0ff","ORD7 - 30832","2505600","2505399","201","99.9900%","0","0","0.0000%","168","2","83.5800%","33","1","16.4200%","10","31"
"100112ce","ATL1 - 31335","6739200","6737427","1773","99.9700%","0","0","0.0000%","1694","3","95.5400%","79","1","4.4600%","10","31"
"10090323","IAH1 - 30554","3628800","3628537","263","99.9900%","0","0","0.0000%","263","2","100.0000%","0","0","0.0000%","10","31"
"10035cb5","IAH3 - 30178","3369600","3369549","51","100.0000%","0","0","0.0000%","51","4","100.0000%","0","0","0.0000%","10","31"
"10015d48","BOS1- 34148","5616000","5616000","0","100.0000%","0","0","0%","0","0","0%","0","0","0%","10","31"
"100eed3d","ORD2 - 30567","4838400","4837438","962","99.9800%","0","0","0.0000%","962","5","100.0000%","0","0","0.0000%","10","31"
"10083044","ORD5 - 30834","5011200","5006537","4663","99.9100%","0","0","0.0000%","227","2","4.8700%","4436","5","95.1300%","10","31"
"10109078","DTW - 30560","2851200","2847303","3897","99.8600%","2693","1","69.1000%","1204","5","30.9000%","0","0","0.0000%","10","31"
"10007c0c","ORD1 - 31387","3283200","3279114","4086","99.8800%","2414","1","59.0800%","0","0","0.0000%","1672","1","40.9200%","10","31"
"100d7b9b","SEA1 - 31232","4406400","4405589","811","99.9800%","0","0","0.0000%","547","2","67.4500%","264","1","32.5500%","10","31"
"1000fede","ORD3 - 30566","6048000","6047834","166","100.0000%","0","0","0.0000%","166","2","100.0000%","0","0","0.0000%","10","31"
"100b317d","ATL2 - 30564","6134400","6132960","1440","99.9800%","0","0","0.0000%","481","5","33.4000%","959","2","66.6000%","10","31"
"100d1583","IAD - 30153","3456000","3454412","1588","99.9500%","0","0","0.0000%","0","0","0.0000%","1588","1","100.0000%","10","31"
"10093b39","PHL - 31493","5529600","5522080","7520","99.8600%","5765","1","76.6600%","1684","10","22.3900%","71","2","0.9400%","10","31"
"100248df","ORD4 - 30191","6048000","6047957","43","100.0000%","0","0","0.0000%","43","1","100.0000%","0","0","0.0000%","10","31"
"1001eb37","BOS2 - 31336","2592000","2587928","4072","99.8400%","0","0","0.0000%","246","1","6.0400%","3826","2","93.9600%","10","31"
"10077d26","SJU1 - 31559","5702400","5702246","154","100.0000%","0","0","0.0000%","0","0","0.0000%","154","1","100.0000%","10","31"
"10033c8f","IAH2 - 30556","2937600","2935652","1948","99.9300%","0","0","0.0000%","1948","1","100.0000%","0","0","0.0000%","10","31"
"1008252d","RDU - 30177","2332800","2332373","427","99.9800%","0","0","0.0000%","427","3","100.0000%","0","0","0.0000%","10","31"
"1007809a","LAX2 - 30668","6134400","6122961","11439","99.8100%","0","0","0.0000%","39","1","0.3400%","11400","4","99.6600%","10","31"
"10061de1","MIA2 - 31246","5961600","5949269","12331","99.7900%","11906","2","96.5500%","13","1","0.1100%","412","1","3.3400%","10","31"
"100c3985","JFK1 - 30557","5184000","5183870","130","100.0000%","0","0","0.0000%","0","0","0.0000%","130","1","100.0000%","10","31"
"1009004c","CVG - 32885","3196800","3195830","970","99.9700%","0","0","0.0000%","970","4","100.0000%","0","0","0.0000%","10","31"
"1009e6c6","LAX1 - 30331","5616000","5604341","11659","99.7900%","10741","2","92.1300%","918","6","7.8700%","0","0","0.0000%","10","31"
"1002ea86","ORD6 - 30833","2678400","2678270","130","100.0000%","0","0","0.0000%","130","1","100.0000%","0","0","0.0000%","10","31"
"1004bbe9","SFO2 - 30555","5875200","5863403","11797","99.8000%","11195","2","94.9000%","602","2","5.1000%","0","0","0.0000%","10","31"
"1001f8a7","PDX - 32813","4665600","4665399","201","100.0000%","0","0","0.0000%","201","1","100.0000%","0","0","0.0000%","10","31"
"10012346","DFW2 - 29295","3801600","3799847","1753","99.9500%","0","0","0.0000%","1753","5","100.0000%","0","0","0.0000%","10","31"
"100a54e9","DFW1 - 29290","3974400","3974400","0","100.0000%","0","0","0%","0","0","0%","0","0","0%","10","31"
"100354fd","JFK2 - 30561","6048000","6045336","2664","99.9600%","2069","1","77.6700%","113","1","4.2400%","482","1","18.0900%","10","30"
"100736ee","SEA2 - 31242","2764800","2763948","852","99.9700%","0","0","0.0000%","852","4","100.0000%","0","0","0.0000%","10","30"
"1000e712","DEN - EEN-BR820-30333","3024000","3023983","17","100.0000%","0","0","0.0000%","17","1","100.0000%","0","0","0.0000%","10","30"
"100317d3","SFO1 - 34022","3888000","3883348","4652","99.8800%","0","0","0.0000%","2865","1","61.5900%","1787","1","38.4100%","10","30"
"10105ff7","MIA1 - 31492","7689600","7686240","3360","99.9600%","0","0","0.0000%","1434","90","42.6800%","1926","54","57.3200%","10","30"
"1004c0ff","ORD7 - 30832","2505600","2504599","1001","99.9600%","0","0","0.0000%","0","0","0.0000%","1001","1","100.0000%","10","30"
"100112ce","ATL1 - 31335","6739200","6738954","246","100.0000%","0","0","0.0000%","246","1","100.0000%","0","0","0.0000%","10","30"
"10090323","IAH1 - 30554","3628800","3628188","612","99.9800%","0","0","0.0000%","612","2","100.0000%","0","0","0.0000%","10","30"
"10035cb5","IAH3 - 30178","3369600","3369245","355","99.9900%","0","0","0.0000%","262","23","73.8000%","93","4","26.2000%","10","30"
"10015d48","BOS1- 34148","5616000","5616000","0","100.0000%","0","0","0%","0","0","0%","0","0","0%","10","30"
"100eed3d","ORD2 - 30567","4838400","4838078","322","99.9900%","0","0","0.0000%","322","1","100.0000%","0","0","0.0000%","10","30"
"10083044","ORD5 - 30834","5011200","5010409","791","99.9800%","648","1","81.9200%","0","0","0.0000%","143","1","18.0800%","10","30"
"10109078","DTW - 30560","2851200","2846275","4925","99.8300%","2783","1","56.5100%","1698","8","34.4800%","444","1","9.0200%","10","30"
"10007c0c","ORD1 - 31387","3283200","3282084","1116","99.9700%","0","0","0.0000%","0","0","0.0000%","1116","1","100.0000%","10","30"
"100d7b9b","SEA1 - 31232","4406400","4405930","470","99.9900%","0","0","0.0000%","470","2","100.0000%","0","0","0.0000%","10","30"
"1000fede","ORD3 - 30566","6048000","6044604","3396","99.9400%","0","0","0.0000%","3396","1","100.0000%","0","0","0.0000%","10","30"
"100b317d","ATL2 - 30564","6134400","6132346","2054","99.9700%","0","0","0.0000%","0","0","0.0000%","2054","2","100.0000%","10","30"
"100d1583","IAD - 30153","3456000","3454125","1875","99.9500%","0","0","0.0000%","0","0","0.0000%","1875","1","100.0000%","10","30"
"10093b39","PHL - 31493","5529600","5528627","973","99.9800%","0","0","0.0000%","973","4","100.0000%","0","0","0.0000%","10","30"
"100248df","ORD4 - 30191","6048000","6048000","0","100.0000%","0","0","0%","0","0","0%","0","0","0%","10","30"
"1001eb37","BOS2 - 31336","2592000","2588928","3072","99.8800%","0","0","0.0000%","3072","2","100.0000%","0","0","0.0000%","10","30"
"10077d26","SJU1 - 31559","5702400","5702400","0","100.0000%","0","0","0%","0","0","0%","0","0","0%","10","30"
"10033c8f","IAH2 - 30556","2937600","2935389","2211","99.9200%","0","0","0.0000%","0","0","0.0000%","2211","2","100.0000%","10","30"
"1008252d","RDU - 30177","2332800","2332310","490","99.9800%","0","0","0.0000%","490","2","100.0000%","0","0","0.0000%","10","30"
"1007809a","LAX2 - 30668","6134400","6133789","611","99.9900%","0","0","0.0000%","0","0","0.0000%","611","1","100.0000%","10","30"
"10061de1","MIA2 - 31246","5961600","5961600","0","100.0000%","0","0","0%","0","0","0%","0","0","0%","10","30"
"100c3985","JFK1 - 30557","5184000","5184000","0","100.0000%","0","0","0%","0","0","0%","0","0","0%","10","30"
"1009004c","CVG - 32885","3196800","3192518","4282","99.8700%","3694","1","86.2700%","588","2","13.7300%","0","0","0.0000%","10","30"
"1009e6c6","LAX1 - 30331","5616000","5614678","1322","99.9800%","761","1","57.5600%","94","6","7.1100%","467","1","35.3300%","10","30"
"1002ea86","ORD6 - 30833","2678400","2678286","114","100.0000%","0","0","0.0000%","114","1","100.0000%","0","0","0.0000%","10","30"
"1004bbe9","SFO2 - 30555","5875200","5863353","11847","99.8000%","11464","2","96.7700%","383","2","3.2300%","0","0","0.0000%","10","30"
"1001f8a7","PDX - 32813","4665600","4665600","0","100.0000%","0","0","0%","0","0","0%","0","0","0%","10","30"
"10012346","DFW2 - 29295","3801600","3799350","2250","99.9400%","0","0","0.0000%","2250","2","100.0000%","0","0","0.0000%","10","30"
"100a54e9","DFW1 - 29290","3974400","3973329","1071","99.9700%","524","1","48.9300%","132","1","12.3200%","415","1","38.7500%","10","30"
"100354fd","JFK2 - 30561","6048000","6044962","3038","99.9500%","2065","1","67.9700%","0","0","0.0000%","973","2","32.0300%","10","29"
"100736ee","SEA2 - 31242","2764800","2764224","576","99.9800%","0","0","0.0000%","576","2","100.0000%","0","0","0.0000%","10","29"
"1000e712","DEN - EEN-BR820-30333","3024000","3024000","0","100.0000%","0","0","0%","0","0","0%","0","0","0%","10","29"
"100317d3","SFO1 - 34022","3888000","3885892","2108","99.9500%","0","0","0.0000%","322","2","15.2800%","1786","1","84.7200%","10","29"
"10105ff7","MIA1 - 31492","7689600","7670208","19392","99.7500%","0","0","0.0000%","7869","113","40.5800%","11523","152","59.4200%","10","29"
"1004c0ff","ORD7 - 30832","2505600","2502105","3495","99.8600%","3495","2","100.0000%","0","0","0.0000%","0","0","0.0000%","10","29"
"100112ce","ATL1 - 31335","6739200","6736006","3194","99.9500%","0","0","0.0000%","339","2","10.6100%","2855","1","89.3900%","10","29"
"10090323","IAH1 - 30554","3628800","3628489","311","99.9900%","0","0","0.0000%","311","1","100.0000%","0","0","0.0000%","10","29"
"10035cb5","IAH3 - 30178","3369600","3365078","4522","99.8700%","0","0","0.0000%","0","0","0.0000%","4522","1","100.0000%","10","29"
"10015d48","BOS1- 34148","5616000","5616000","0","100.0000%","0","0","0%","0","0","0%","0","0","0%","10","29"
"100eed3d","ORD2 - 30567","4838400","4838054","346","99.9900%","0","0","0.0000%","346","4","100.0000%","0","0","0.0000%","10","29"
"10083044","ORD5 - 30834","5011200","5004421","6779","99.8600%","0","0","0.0000%","3601","1","53.1200%","3178","4","46.8800%","10","29"
"10109078","DTW - 30560","2851200","2849488","1712","99.9400%","0","0","0.0000%","1131","4","66.0600%","581","1","33.9400%","10","29"
"10007c0c","ORD1 - 31387","3283200","3279077","4123","99.8700%","0","0","0.0000%","63","1","1.5300%","4060","1","98.4700%","10","29"
"100d7b9b","SEA1 - 31232","4406400","4405995","405","99.9900%","0","0","0.0000%","405","2","100.0000%","0","0","0.0000%","10","29"
"1000fede","ORD3 - 30566","6048000","6044433","3567","99.9400%","3567","1","100.0000%","0","0","0.0000%","0","0","0.0000%","10","29"
"100b317d","ATL2 - 30564","6134400","6128446","5954","99.9000%","0","0","0.0000%","0","0","0.0000%","5954","3","100.0000%","10","29"
"100d1583","IAD - 30153","3456000","3456000","0","100.0000%","0","0","0%","0","0","0%","0","0","0%","10","29"
"10093b39","PHL - 31493","5529600","5523657","5943","99.8900%","4643","1","78.1300%","1300","6","21.8700%","0","0","0.0000%","10","29"
"100248df","ORD4 - 30191","6048000","6047935","65","100.0000%","0","0","0.0000%","65","1","100.0000%","0","0","0.0000%","10","29"
"1001eb37","BOS2 - 31336","2592000","2591464","536","99.9800%","0","0","0.0000%","536","2","100.0000%","0","0","0.0000%","10","29"
"10077d26","SJU1 - 31559","5702400","5697634","4766","99.9200%","4766","1","100.0000%","0","0","0.0000%","0","0","0.0000%","10","29"
"10033c8f","IAH2 - 30556","2937600","2937600","0","100.0000%","0","0","0%","0","0","0%","0","0","0%","10","29"
"1008252d","RDU - 30177","2332800","2332560","240","99.9900%","0","0","0.0000%","240","1","100.0000%","0","0","0.0000%","10","29"
"1007809a","LAX2 - 30668","6134400","6132678","1722","99.9700%","0","0","0.0000%","0","0","0.0000%","1722","1","100.0000%","10","29"
"10061de1","MIA2 - 31246","5961600","5960040","1560","99.9700%","0","0","0.0000%","0","0","0.0000%","1560","1","100.0000%","10","29"
"100c3985","JFK1 - 30557","5184000","5179158","4842","99.9100%","4587","1","94.7300%","255","2","5.2700%","0","0","0.0000%","10","29"
"1009004c","CVG - 32885","3196800","3195545","1255","99.9600%","0","0","0.0000%","1255","4","100.0000%","0","0","0.0000%","10","29"
"1009e6c6","LAX1 - 30331","5616000","5614807","1193","99.9800%","703","1","58.9300%","215","14","18.0200%","275","1","23.0500%","10","29"
"1002ea86","ORD6 - 30833","2678400","2677567","833","99.9700%","0","0","0.0000%","833","2","100.0000%","0","0","0.0000%","10","29"
"1004bbe9","SFO2 - 30555","5875200","5869584","5616","99.9000%","5342","1","95.1200%","274","1","4.8800%","0","0","0.0000%","10","29"
"1001f8a7","PDX - 32813","4665600","4665600","0","100.0000%","0","0","0%","0","0","0%","0","0","0%","10","29"
"10012346","DFW2 - 29295","3801600","3791520","10080","99.7300%","0","0","0.0000%","6748","5","66.9400%","3332","3","33.0600%","10","29"
"100a54e9","DFW1 - 29290","3974400","3972822","1578","99.9600%","463","1","29.3400%","808","2","51.2000%","307","1","19.4600%","10","29"
"100354fd","JFK2 - 30561","6048000","6047026","974","99.9800%","0","0","0.0000%","0","0","0.0000%","974","2","100.0000%","10","28"
"100736ee","SEA2 - 31242","2764800","2763786","1014","99.9600%","0","0","0.0000%","1014","5","100.0000%","0","0","0.0000%","10","28"
"1000e712","DEN - EEN-BR820-30333","3024000","3024000","0","100.0000%","0","0","0%","0","0","0%","0","0","0%","10","28"
"100317d3","SFO1 - 34022","3888000","3887687","313","99.9900%","0","0","0.0000%","313","3","100.0000%","0","0","0.0000%","10","28"
"10105ff7","MIA1 - 31492","7689600","7689077","523","99.9900%","0","0","0.0000%","373","24","71.3200%","150","5","28.6800%","10","28"
"1004c0ff","ORD7 - 30832","2505600","2503711","1889","99.9200%","1889","1","100.0000%","0","0","0.0000%","0","0","0.0000%","10","28"
"100112ce","ATL1 - 31335","6739200","6735396","3804","99.9400%","0","0","0.0000%","725","2","19.0600%","3079","1","80.9400%","10","28"
"10090323","IAH1 - 30554","3628800","3628240","560","99.9800%","0","0","0.0000%","560","2","100.0000%","0","0","0.0000%","10","28"
"10035cb5","IAH3 - 30178","3369600","3369441","159","100.0000%","0","0","0.0000%","159","2","100.0000%","0","0","0.0000%","10","28"
"10015d48","BOS1- 34148","5616000","5616000","0","100.0000%","0","0","0%","0","0","0%","0","0","0%","10","28"
"100eed3d","ORD2 - 30567","4838400","4838078","322","99.9900%","0","0","0.0000%","322","2","100.0000%","0","0","0.0000%","10","28"
"10083044","ORD5 - 30834","5011200","5003625","7575","99.8500%","4162","1","54.9400%","0","0","0.0000%","3413","2","45.0600%","10","28"
"10109078","DTW - 30560","2851200","2848749","2451","99.9100%","1078","1","43.9800%","1373","7","56.0200%","0","0","0.0000%","10","28"
"10007c0c","ORD1 - 31387","3283200","3280113","3087","99.9100%","0","0","0.0000%","0","0","0.0000%","3087","2","100.0000%","10","28"
"100d7b9b","SEA1 - 31232","4406400","4395548","10852","99.7500%","3780","1","34.8300%","7072","3","65.1700%","0","0","0.0000%","10","28"
"1000fede","ORD3 - 30566","6048000","6048000","0","100.0000%","0","0","0%","0","0","0%","0","0","0%","10","28"
"100b317d","ATL2 - 30564","6134400","6134400","0","100.0000%","0","0","0%","0","0","0%","0","0","0%","10","28"
"100d1583","IAD - 30153","3456000","3454099","1901","99.9400%","0","0","0.0000%","172","1","9.0500%","1729","1","90.9500%","10","28"
"10093b39","PHL - 31493","5529600","5522720","6880","99.8800%","6012","1","87.3800%","868","3","12.6200%","0","0","0.0000%","10","28"
"100248df","ORD4 - 30191","6048000","6048000","0","100.0000%","0","0","0%","0","0","0%","0","0","0%","10","28"
"1001eb37","BOS2 - 31336","2592000","2591748","252","99.9900%","0","0","0.0000%","252","1","100.0000%","0","0","0.0000%","10","28"
"10077d26","SJU1 - 31559","5702400","5701793","607","99.9900%","0","0","0.0000%","0","0","0.0000%","607","1","100.0000%","10","28"
"10033c8f","IAH2 - 30556","2937600","2937600","0","100.0000%","0","0","0%","0","0","0%","0","0","0%","10","28"
"1008252d","RDU - 30177","2332800","2325768","7032","99.7000%","0","0","0.0000%","7032","3","100.0000%","0","0","0.0000%","10","28"
"1007809a","LAX2 - 30668","6134400","6126819","7581","99.8800%","0","0","0.0000%","20","1","0.2600%","7561","4","99.7400%","10","28"
"10061de1","MIA2 - 31246","5961600","5960476","1124","99.9800%","0","0","0.0000%","0","0","0.0000%","1124","1","100.0000%","10","28"
"100c3985","JFK1 - 30557","5184000","5183579","421","99.9900%","0","0","0.0000%","421","1","100.0000%","0","0","0.0000%","10","28"
"1009004c","CVG - 32885","3196800","3194930","1870","99.9400%","1321","1","70.6400%","549","2","29.3600%","0","0","0.0000%","10","28"
"1009e6c6","LAX1 - 30331","5616000","5613699","2301","99.9600%","0","0","0.0000%","201","8","8.7400%","2100","3","91.2600%","10","28"
"1002ea86","ORD6 - 30833","2678400","2678400","0","100.0000%","0","0","0%","0","0","0%","0","0","0%","10","28"
"1004bbe9","SFO2 - 30555","5875200","5865748","9452","99.8400%","5849","1","61.8800%","316","2","3.3400%","3287","1","34.7800%","10","28"
"1001f8a7","PDX - 32813","4665600","4658111","7489","99.8400%","3888","1","51.9200%","3601","1","48.0800%","0","0","0.0000%","10","28"
"10012346","DFW2 - 29295","3801600","3800049","1551","99.9600%","0","0","0.0000%","222","1","14.3100%","1329","1","85.6900%","10","28"
"100a54e9","DFW1 - 29290","3974400","3973327","1073","99.9700%","478","1","44.5500%","0","0","0.0000%","595","2","55.4500%","10","28"
"100354fd","JFK2 - 30561","6048000","6043752","4248","99.9300%","2072","1","48.7800%","0","0","0.0000%","2176","3","51.2200%","10","27"
"100736ee","SEA2 - 31242","2764800","2764397","403","99.9900%","0","0","0.0000%","403","3","100.0000%","0","0","0.0000%","10","27"
"1000e712","DEN - EEN-BR820-30333","3024000","3024000","0","100.0000%","0","0","0%","0","0","0%","0","0","0%","10","27"
"100317d3","SFO1 - 34022","3888000","3887572","428","99.9900%","0","0","0.0000%","428","2","100.0000%","0","0","0.0000%","10","27"
"10105ff7","MIA1 - 31492","7689600","7688174","1426","99.9800%","0","0","0.0000%","1034","70","72.5100%","392","12","27.4900%","10","27"
"1004c0ff","ORD7 - 30832","2505600","2505600","0","100.0000%","0","0","0%","0","0","0%","0","0","0%","10","27"
"100112ce","ATL1 - 31335","6739200","6738959","241","100.0000%","0","0","0.0000%","241","1","100.0000%","0","0","0.0000%","10","27"
"10090323","IAH1 - 30554","3628800","3628699","101","100.0000%","0","0","0.0000%","101","1","100.0000%","0","0","0.0000%","10","27"
"10035cb5","IAH3 - 30178","3369600","3366072","3528","99.9000%","0","0","0.0000%","364","2","10.3200%","3164","2","89.6800%","10","27"
"10015d48","BOS1- 34148","5616000","5616000","0","100.0000%","0","0","0%","0","0","0%","0","0","0%","10","27"
"100eed3d","ORD2 - 30567","4838400","4838112","288","99.9900%","0","0","0.0000%","288","1","100.0000%","0","0","0.0000%","10","27"
"10083044","ORD5 - 30834","5011200","5005249","5951","99.8800%","3097","1","52.0400%","0","0","0.0000%","2854","1","47.9600%","10","27"
"10109078","DTW - 30560","2851200","2848402","2798","99.9000%","0","0","0.0000%","2798","11","100.0000%","0","0","0.0000%","10","27"
"10007c0c","ORD1 - 31387","3283200","3277954","5246","99.8400%","0","0","0.0000%","4346","1","82.8400%","900","1","17.1600%","10","27"
"100d7b9b","SEA1 - 31232","4406400","4406009","391","99.9900%","0","0","0.0000%","391","2","100.0000%","0","0","0.0000%","10","27"
"1000fede","ORD3 - 30566","6048000","6048000","0","100.0000%","0","0","0%","0","0","0%","0","0","0%","10","27"
"100b317d","ATL2 - 30564","6134400","6134400","0","100.0000%","0","0","0%","0","0","0%","0","0","0%","10","27"
"100d1583","IAD - 30153","3456000","3456000","0","100.0000%","0","0","0%","0","0","0%","0","0","0%","10","27"
"10093b39","PHL - 31493","5529600","5527843","1757","99.9700%","0","0","0.0000%","1200","5","68.3000%","557","1","31.7000%","10","27"
"100248df","ORD4 - 30191","6048000","6048000","0","100.0000%","0","0","0%","0","0","0%","0","0","0%","10","27"
"1001eb37","BOS2 - 31336","2592000","2591640","360","99.9900%","0","0","0.0000%","360","1","100.0000%","0","0","0.0000%","10","27"
"10077d26","SJU1 - 31559","5702400","5702389","11","100.0000%","0","0","0.0000%","11","1","100.0000%","0","0","0.0000%","10","27"
"10033c8f","IAH2 - 30556","2937600","2934863","2737","99.9100%","2713","1","99.1200%","24","1","0.8800%","0","0","0.0000%","10","27"
"1008252d","RDU - 30177","2332800","2332431","369","99.9800%","0","0","0.0000%","369","1","100.0000%","0","0","0.0000%","10","27"
"1007809a","LAX2 - 30668","6134400","6132285","2115","99.9700%","0","0","0.0000%","0","0","0.0000%","2115","1","100.0000%","10","27"
"10061de1","MIA2 - 31246","5961600","5961600","0","100.0000%","0","0","0%","0","0","0%","0","0","0%","10","27"
"100c3985","JFK1 - 30557","5184000","5179406","4594","99.9100%","4594","1","100.0000%","0","0","0.0000%","0","0","0.0000%","10","27"
"1009004c","CVG - 32885","3196800","3192662","4138","99.8700%","3721","1","89.9200%","417","2","10.0800%","0","0","0.0000%","10","27"
"1009e6c6","LAX1 - 30331","5616000","5615218","782","99.9900%","687","1","87.8500%","95","6","12.1500%","0","0","0.0000%","10","27"
"1002ea86","ORD6 - 30833","2678400","2678400","0","100.0000%","0","0","0%","0","0","0%","0","0","0%","10","27"
"1004bbe9","SFO2 - 30555","5875200","5862045","13155","99.7800%","5839","1","44.3900%","245","1","1.8600%","7071","2","53.7500%","10","27"
"1001f8a7","PDX - 32813","4665600","4661507","4093","99.9100%","4093","1","100.0000%","0","0","0.0000%","0","0","0.0000%","10","27"
"10012346","DFW2 - 29295","3801600","3801310","290","99.9900%","0","0","0.0000%","290","1","100.0000%","0","0","0.0000%","10","27"
"100a54e9","DFW1 - 29290","3974400","3973236","1164","99.9700%","1164","2","100.0000%","0","0","0.0000%","0","0","0.0000%","10","27"
"100354fd","JFK2 - 30561","6048000","6046313","1687","99.9700%","0","0","0.0000%","0","0","0.0000%","1687","2","100.0000%","10","26"
"100736ee","SEA2 - 31242","2764800","2764231","569","99.9800%","0","0","0.0000%","569","2","100.0000%","0","0","0.0000%","10","26"
"1000e712","DEN - EEN-BR820-30333","3024000","3024000","0","100.0000%","0","0","0%","0","0","0%","0","0","0%","10","26"
"100317d3","SFO1 - 34022","3888000","3887755","245","99.9900%","0","0","0.0000%","245","1","100.0000%","0","0","0.0000%","10","26"
"10105ff7","MIA1 - 31492","7689600","7684908","4692","99.9400%","0","0","0.0000%","2033","78","43.3300%","2659","23","56.6700%","10","26"
"1004c0ff","ORD7 - 30832","2505600","2500989","4611","99.8200%","3697","2","80.1800%","914","1","19.8200%","0","0","0.0000%","10","26"
"100112ce","ATL1 - 31335","6739200","6739025","175","100.0000%","0","0","0.0000%","175","1","100.0000%","0","0","0.0000%","10","26"
"10090323","IAH1 - 30554","3628800","3628501","299","99.9900%","0","0","0.0000%","299","1","100.0000%","0","0","0.0000%","10","26"
"10035cb5","IAH3 - 30178","3369600","3369095","505","99.9900%","0","0","0.0000%","159","13","31.4900%","346","9","68.5100%","10","26"
"10015d48","BOS1- 34148","5616000","5616000","0","100.0000%","0","0","0%","0","0","0%","0","0","0%","10","26"
"100eed3d","ORD2 - 30567","4838400","4838126","274","99.9900%","0","0","0.0000%","274","3","100.0000%","0","0","0.0000%","10","26"
"10083044","ORD5 - 30834","5011200","5010617","583","99.9900%","0","0","0.0000%","0","0","0.0000%","583","2","100.0000%","10","26"
"10109078","DTW - 30560","2851200","2849976","1224","99.9600%","0","0","0.0000%","720","3","58.8200%","504","1","41.1800%","10","26"
"10007c0c","ORD1 - 31387","3283200","3276054","7146","99.7800%","0","0","0.0000%","0","0","0.0000%","7146","4","100.0000%","10","26"
"100d7b9b","SEA1 - 31232","4406400","4402510","3890","99.9100%","3844","1","98.8200%","46","2","1.1800%","0","0","0.0000%","10","26"
"1000fede","ORD3 - 30566","6048000","6044449","3551","99.9400%","3551","1","100.0000%","0","0","0.0000%","0","0","0.0000%","10","26"
"100b317d","ATL2 - 30564","6134400","6133973","427","99.9900%","0","0","0.0000%","41","2","9.6000%","386","4","90.4000%","10","26"
"100d1583","IAD - 30153","3456000","3456000","0","100.0000%","0","0","0%","0","0","0%","0","0","0%","10","26"
"10093b39","PHL - 31493","5529600","5528508","1092","99.9800%","0","0","0.0000%","1092","4","100.0000%","0","0","0.0000%","10","26"
"100248df","ORD4 - 30191","6048000","6045053","2947","99.9500%","0","0","0.0000%","2947","2","100.0000%","0","0","0.0000%","10","26"
"1001eb37","BOS2 - 31336","2592000","2591373","627","99.9800%","0","0","0.0000%","627","2","100.0000%","0","0","0.0000%","10","26"
"10077d26","SJU1 - 31559","5702400","5697597","4803","99.9200%","4803","1","100.0000%","0","0","0.0000%","0","0","0.0000%","10","26"
"10033c8f","IAH2 - 30556","2937600","2937600","0","100.0000%","0","0","0%","0","0","0%","0","0","0%","10","26"
"1008252d","RDU - 30177","2332800","2332579","221","99.9900%","0","0","0.0000%","221","1","100.0000%","0","0","0.0000%","10","26"
"1007809a","LAX2 - 30668","6134400","6131425","2975","99.9500%","0","0","0.0000%","0","0","0.0000%","2975","2","100.0000%","10","26"
"10061de1","MIA2 - 31246","5961600","5957803","3797","99.9400%","0","0","0.0000%","0","0","0.0000%","3797","3","100.0000%","10","26"
"100c3985","JFK1 - 30557","5184000","5179667","4333","99.9200%","4333","1","100.0000%","0","0","0.0000%","0","0","0.0000%","10","26"
"1009004c","CVG - 32885","3196800","3191489","5311","99.8300%","4081","1","76.8400%","1230","4","23.1600%","0","0","0.0000%","10","26"
"1009e6c6","LAX1 - 30331","5616000","5614441","1559","99.9700%","1190","1","76.3300%","344","14","22.0700%","25","1","1.6000%","10","26"
"1002ea86","ORD6 - 30833","2678400","2678400","0","100.0000%","0","0","0%","0","0","0%","0","0","0%","10","26"
"1004bbe9","SFO2 - 30555","5875200","5863524","11676","99.8000%","11522","2","98.6800%","154","1","1.3200%","0","0","0.0000%","10","26"
"1001f8a7","PDX - 32813","4665600","4664583","1017","99.9800%","0","0","0.0000%","1017","1","100.0000%","0","0","0.0000%","10","26"
"10012346","DFW2 - 29295","3801600","3801315","285","99.9900%","0","0","0.0000%","285","1","100.0000%","0","0","0.0000%","10","26"
"100a54e9","DFW1 - 29290","3974400","3973108","1292","99.9700%","1204","2","93.1900%","0","0","0.0000%","88","1","6.8100%","10","26"
"100354fd","JFK2 - 30561","6048000","6043914","4086","99.9300%","0","0","0.0000%","3601","1","88.1300%","485","1","11.8700%","10","25"
"100736ee","SEA2 - 31242","2764800","2763785","1015","99.9600%","0","0","0.0000%","1015","4","100.0000%","0","0","0.0000%","10","25"
"1000e712","DEN - EEN-BR820-30333","3024000","3024000","0","100.0000%","0","0","0%","0","0","0%","0","0","0%","10","25"
"100317d3","SFO1 - 34022","3888000","3885422","2578","99.9300%","0","0","0.0000%","728","2","28.2400%","1850","1","71.7600%","10","25"
"10105ff7","MIA1 - 31492","7689600","7688930","670","99.9900%","0","0","0.0000%","463","25","69.1000%","207","4","30.9000%","10","25"
"1004c0ff","ORD7 - 30832","2505600","2504333","1267","99.9500%","0","0","0.0000%","0","0","0.0000%","1267","2","100.0000%","10","25"
"100112ce","ATL1 - 31335","6739200","6738952","248","100.0000%","0","0","0.0000%","248","1","100.0000%","0","0","0.0000%","10","25"
"10090323","IAH1 - 30554","3628800","3628246","554","99.9800%","0","0","0.0000%","554","2","100.0000%","0","0","0.0000%","10","25"
"10035cb5","IAH3 - 30178","3369600","3342962","26638","99.2100%","0","0","0.0000%","57","5","0.2100%","26581","4","99.7900%","10","25"
"10015d48","BOS1- 34148","5616000","5616000","0","100.0000%","0","0","0%","0","0","0%","0","0","0%","10","25"
"100eed3d","ORD2 - 30567","4838400","4828334","10066","99.7900%","0","0","0.0000%","474","2","4.7100%","9592","2","95.2900%","10","25"
"10083044","ORD5 - 30834","5011200","4995714","15486","99.6900%","15398","4","99.4300%","0","0","0.0000%","88","1","0.5700%","10","25"
"10109078","DTW - 30560","2851200","2845462","5738","99.8000%","2710","1","47.2300%","883","3","15.3900%","2145","2","37.3800%","10","25"
"10007c0c","ORD1 - 31387","3283200","3283200","0","100.0000%","0","0","0%","0","0","0%","0","0","0%","10","25"
"100d7b9b","SEA1 - 31232","4406400","4403767","2633","99.9400%","0","0","0.0000%","2633","3","100.0000%","0","0","0.0000%","10","25"
"1000fede","ORD3 - 30566","6048000","6048000","0","100.0000%","0","0","0%","0","0","0%","0","0","0%","10","25"
"100b317d","ATL2 - 30564","6134400","6134327","73","100.0000%","0","0","0.0000%","0","0","0.0000%","73","1","100.0000%","10","25"
"100d1583","IAD - 30153","3456000","3455955","45","100.0000%","0","0","0.0000%","45","1","100.0000%","0","0","0.0000%","10","25"
"10093b39","PHL - 31493","5529600","5528511","1089","99.9800%","0","0","0.0000%","1089","4","100.0000%","0","0","0.0000%","10","25"
"100248df","ORD4 - 30191","6048000","6037741","10259","99.8300%","10218","1","99.6000%","41","2","0.4000%","0","0","0.0000%","10","25"
"1001eb37","BOS2 - 31336","2592000","2591879","121","100.0000%","0","0","0.0000%","121","1","100.0000%","0","0","0.0000%","10","25"
"10077d26","SJU1 - 31559","5702400","5702400","0","100.0000%","0","0","0%","0","0","0%","0","0","0%","10","25"
"10033c8f","IAH2 - 30556","2937600","2937600","0","100.0000%","0","0","0%","0","0","0%","0","0","0%","10","25"
"1008252d","RDU - 30177","2332800","2332251","549","99.9800%","0","0","0.0000%","549","2","100.0000%","0","0","0.0000%","10","25"
"1007809a","LAX2 - 30668","6134400","6133680","720","99.9900%","0","0","0.0000%","0","0","0.0000%","720","1","100.0000%","10","25"
"10061de1","MIA2 - 31246","5961600","5961347","253","100.0000%","0","0","0.0000%","13","1","5.1400%","240","1","94.8600%","10","25"
"100c3985","JFK1 - 30557","5184000","5179508","4492","99.9100%","4492","1","100.0000%","0","0","0.0000%","0","0","0.0000%","10","25"
"1009004c","CVG - 32885","3196800","3188154","8646","99.7300%","7964","2","92.1100%","682","2","7.8900%","0","0","0.0000%","10","25"
"1009e6c6","LAX1 - 30331","5616000","5614376","1624","99.9700%","1243","1","76.5400%","249","15","15.3300%","132","1","8.1300%","10","25"
"1002ea86","ORD6 - 30833","2678400","2678400","0","100.0000%","0","0","0%","0","0","0%","0","0","0%","10","25"
"1004bbe9","SFO2 - 30555","5875200","5863059","12141","99.7900%","11898","2","98.0000%","243","1","2.0000%","0","0","0.0000%","10","25"
"1001f8a7","PDX - 32813","4665600","4658049","7551","99.8400%","0","0","0.0000%","0","0","0.0000%","7551","2","100.0000%","10","25"
"10012346","DFW2 - 29295","3801600","3800435","1165","99.9700%","475","1","40.7700%","446","3","38.2800%","244","1","20.9400%","10","25"
"100a54e9","DFW1 - 29290","3974400","3971808","2592","99.9300%","2592","4","100.0000%","0","0","0.0000%","0","0","0.0000%","10","25"
"100354fd","JFK2 - 30561","6048000","6043914","4086","99.9300%","0","0","0.0000%","3601","1","88.1300%","485","1","11.8700%","10","25"
"100736ee","SEA2 - 31242","2764800","2763785","1015","99.9600%","0","0","0.0000%","1015","4","100.0000%","0","0","0.0000%","10","25"
"1000e712","DEN - EEN-BR820-30333","3024000","3024000","0","100.0000%","0","0","0%","0","0","0%","0","0","0%","10","25"
"100317d3","SFO1 - 34022","3888000","3885422","2578","99.9300%","0","0","0.0000%","728","2","28.2400%","1850","1","71.7600%","10","25"
"10105ff7","MIA1 - 31492","7689600","7688930","670","99.9900%","0","0","0.0000%","463","25","69.1000%","207","4","30.9000%","10","25"
"1004c0ff","ORD7 - 30832","2505600","2504333","1267","99.9500%","0","0","0.0000%","0","0","0.0000%","1267","2","100.0000%","10","25"
"100112ce","ATL1 - 31335","6739200","6738952","248","100.0000%","0","0","0.0000%","248","1","100.0000%","0","0","0.0000%","10","25"
"10090323","IAH1 - 30554","3628800","3628246","554","99.9800%","0","0","0.0000%","554","2","100.0000%","0","0","0.0000%","10","25"
"10035cb5","IAH3 - 30178","3369600","3342962","26638","99.2100%","0","0","0.0000%","57","5","0.2100%","26581","4","99.7900%","10","25"
"10015d48","BOS1- 34148","5616000","5616000","0","100.0000%","0","0","0%","0","0","0%","0","0","0%","10","25"
"100eed3d","ORD2 - 30567","4838400","4828334","10066","99.7900%","0","0","0.0000%","474","2","4.7100%","9592","2","95.2900%","10","25"
"10083044","ORD5 - 30834","5011200","4995714","15486","99.6900%","15398","4","99.4300%","0","0","0.0000%","88","1","0.5700%","10","25"
"10109078","DTW - 30560","2851200","2845462","5738","99.8000%","2710","1","47.2300%","883","3","15.3900%","2145","2","37.3800%","10","25"
"10007c0c","ORD1 - 31387","3283200","3283200","0","100.0000%","0","0","0%","0","0","0%","0","0","0%","10","25"
"100d7b9b","SEA1 - 31232","4406400","4403767","2633","99.9400%","0","0","0.0000%","2633","3","100.0000%","0","0","0.0000%","10","25"
"1000fede","ORD3 - 30566","6048000","6048000","0","100.0000%","0","0","0%","0","0","0%","0","0","0%","10","25"
"100b317d","ATL2 - 30564","6134400","6134327","73","100.0000%","0","0","0.0000%","0","0","0.0000%","73","1","100.0000%","10","25"
"100d1583","IAD - 30153","3456000","3455955","45","100.0000%","0","0","0.0000%","45","1","100.0000%","0","0","0.0000%","10","25"
"10093b39","PHL - 31493","5529600","5528511","1089","99.9800%","0","0","0.0000%","1089","4","100.0000%","0","0","0.0000%","10","25"
"100248df","ORD4 - 30191","6048000","6037741","10259","99.8300%","10218","1","99.6000%","41","2","0.4000%","0","0","0.0000%","10","25"
"1001eb37","BOS2 - 31336","2592000","2591879","121","100.0000%","0","0","0.0000%","121","1","100.0000%","0","0","0.0000%","10","25"
"10077d26","SJU1 - 31559","5702400","5702400","0","100.0000%","0","0","0%","0","0","0%","0","0","0%","10","25"
"10033c8f","IAH2 - 30556","2937600","2937600","0","100.0000%","0","0","0%","0","0","0%","0","0","0%","10","25"
"1008252d","RDU - 30177","2332800","2332251","549","99.9800%","0","0","0.0000%","549","2","100.0000%","0","0","0.0000%","10","25"
"1007809a","LAX2 - 30668","6134400","6133680","720","99.9900%","0","0","0.0000%","0","0","0.0000%","720","1","100.0000%","10","25"
"10061de1","MIA2 - 31246","5961600","5961347","253","100.0000%","0","0","0.0000%","13","1","5.1400%","240","1","94.8600%","10","25"
"100c3985","JFK1 - 30557","5184000","5179508","4492","99.9100%","4492","1","100.0000%","0","0","0.0000%","0","0","0.0000%","10","25"
"1009004c","CVG - 32885","3196800","3188154","8646","99.7300%","7964","2","92.1100%","682","2","7.8900%","0","0","0.0000%","10","25"
"1009e6c6","LAX1 - 30331","5616000","5614376","1624","99.9700%","1243","1","76.5400%","249","15","15.3300%","132","1","8.1300%","10","25"
"1002ea86","ORD6 - 30833","2678400","2678400","0","100.0000%","0","0","0%","0","0","0%","0","0","0%","10","25"
"1004bbe9","SFO2 - 30555","5875200","5863059","12141","99.7900%","11898","2","98.0000%","243","1","2.0000%","0","0","0.0000%","10","25"
"1001f8a7","PDX - 32813","4665600","4658049","7551","99.8400%","0","0","0.0000%","0","0","0.0000%","7551","2","100.0000%","10","25"
"10012346","DFW2 - 29295","3801600","3800435","1165","99.9700%","475","1","40.7700%","446","3","38.2800%","244","1","20.9400%","10","25"
"100a54e9","DFW1 - 29290","3974400","3971808","2592","99.9300%","2592","4","100.0000%","0","0","0.0000%","0","0","0.0000%","10","25"
"100354fd","JFK2 - 30561","6048000","6035805","12195","99.8000%","9202","2","75.4600%","645","3","5.2900%","2348","2","19.2500%","10","23"
"100736ee","SEA2 - 31242","2764800","1741926","1022874","63.0000%","1021575","2","99.8700%","1299","3","0.1300%","0","0","0.0000%","10","23"
"1000e712","DEN - EEN-BR820-30333","3024000","3022418","1582","99.9500%","1582","1","100.0000%","0","0","0.0000%","0","0","0.0000%","10","23"
"100317d3","SFO1 - 34022","3888000","3876138","11862","99.6900%","2308","1","19.4600%","229","1","1.9300%","9325","2","78.6100%","10","23"
"10105ff7","MIA1 - 31492","7689600","7676619","12981","99.8300%","10681","1","82.2800%","362","26","2.7900%","1938","5","14.9300%","10","23"
"1004c0ff","ORD7 - 30832","2505600","2503861","1739","99.9300%","1739","1","100.0000%","0","0","0.0000%","0","0","0.0000%","10","23"
"100112ce","ATL1 - 31335","6739200","6732854","6346","99.9100%","0","0","0.0000%","1135","3","17.8900%","5211","2","82.1100%","10","23"
"10090323","IAH1 - 30554","3628800","3623952","4848","99.8700%","2456","2","50.6600%","1791","27","36.9400%","601","10","12.4000%","10","23"
"10035cb5","IAH3 - 30178","3369600","3363374","6226","99.8200%","0","0","0.0000%","270","21","4.3400%","5956","8","95.6600%","10","23"
"10015d48","BOS1- 34148","5616000","5564051","51949","99.0700%","51949","2","100.0000%","0","0","0.0000%","0","0","0.0000%","10","23"
"100eed3d","ORD2 - 30567","4838400","4827282","11118","99.7700%","2700","1","24.2800%","1913","5","17.2100%","6505","2","58.5100%","10","23"
"10083044","ORD5 - 30834","5011200","4999249","11951","99.7600%","9881","3","82.6800%","620","1","5.1900%","1450","2","12.1300%","10","23"
"10109078","DTW - 30560","2851200","2844298","6902","99.7600%","3776","2","54.7100%","964","3","13.9700%","2162","2","31.3200%","10","23"
"10007c0c","ORD1 - 31387","3283200","3279474","3726","99.8900%","2359","1","63.3100%","1367","3","36.6900%","0","0","0.0000%","10","23"
"100d7b9b","SEA1 - 31232","4406400","4367224","39176","99.1100%","33712","4","86.0500%","3339","4","8.5200%","2125","1","5.4200%","10","23"
"1000fede","ORD3 - 30566","6048000","6041782","6218","99.9000%","5359","1","86.1900%","859","1","13.8100%","0","0","0.0000%","10","23"
"100b317d","ATL2 - 30564","6134400","6131675","2725","99.9600%","0","0","0.0000%","0","0","0.0000%","2725","1","100.0000%","10","23"
"100d1583","IAD - 30153","3456000","3452672","3328","99.9000%","1752","1","52.6400%","1576","4","47.3600%","0","0","0.0000%","10","23"
"10093b39","PHL - 31493","5529600","5520395","9205","99.8300%","5076","2","55.1400%","4107","7","44.6200%","22","1","0.2400%","10","23"
"100248df","ORD4 - 30191","6048000","6027685","20315","99.6600%","19203","3","94.5300%","97","5","0.4800%","1015","1","5.0000%","10","23"
"1001eb37","BOS2 - 31336","2592000","2590369","1631","99.9400%","1019","1","62.4800%","612","2","37.5200%","0","0","0.0000%","10","23"
"10077d26","SJU1 - 31559","5702400","5692252","10148","99.8200%","5445","1","53.6600%","3613","2","35.6000%","1090","1","10.7400%","10","23"
"10033c8f","IAH2 - 30556","2937600","2935550","2050","99.9300%","1407","1","68.6300%","643","1","31.3700%","0","0","0.0000%","10","23"
"1008252d","RDU - 30177","2332800","2331600","1200","99.9500%","723","1","60.2500%","477","2","39.7500%","0","0","0.0000%","10","23"
"1007809a","LAX2 - 30668","6134400","6128521","5879","99.9000%","0","0","0.0000%","1428","3","24.2900%","4451","3","75.7100%","10","23"
"10061de1","MIA2 - 31246","5961600","5950298","11302","99.8100%","10121","2","89.5500%","0","0","0.0000%","1181","1","10.4500%","10","23"
"100c3985","JFK1 - 30557","5184000","5178783","5217","99.9000%","4461","1","85.5100%","703","1","13.4800%","53","1","1.0200%","10","23"
"1009004c","CVG - 32885","3196800","3194080","2720","99.9100%","1489","1","54.7400%","1231","4","45.2600%","0","0","0.0000%","10","23"
"1009e6c6","LAX1 - 30331","5616000","5609642","6358","99.8900%","4660","2","73.2900%","1445","10","22.7300%","253","2","3.9800%","10","23"
"1002ea86","ORD6 - 30833","2678400","2677075","1325","99.9500%","0","0","0.0000%","1325","2","100.0000%","0","0","0.0000%","10","23"
"1004bbe9","SFO2 - 30555","5875200","5864648","10552","99.8200%","9946","2","94.2600%","606","3","5.7400%","0","0","0.0000%","10","23"
"1001f8a7","PDX - 32813","4665600","4634830","30770","99.3400%","0","0","0.0000%","0","0","0.0000%","30770","1","100.0000%","10","23"
"10012346","DFW2 - 29295","3801600","3798837","2763","99.9300%","2466","1","89.2500%","275","1","9.9500%","22","1","0.8000%","10","23"
"100a54e9","DFW1 - 29290","3974400","3969648","4752","99.8800%","4369","5","91.9400%","0","0","0.0000%","383","3","8.0600%","10","23"
"100354fd","JFK2 - 30561","6048000","6048000","0","100.0000%","0","0","0%","0","0","0%","0","0","0%","10","22"
"100736ee","SEA2 - 31242","2764800","2764800","0","100.0000%","0","0","0%","0","0","0%","0","0","0%","10","22"
"1000e712","DEN - EEN-BR820-30333","3024000","3024000","0","100.0000%","0","0","0%","0","0","0%","0","0","0%","10","22"
"100317d3","SFO1 - 34022","3888000","3888000","0","100.0000%","0","0","0%","0","0","0%","0","0","0%","10","22"
"10105ff7","MIA1 - 31492","7689600","7689600","0","100.0000%","0","0","0%","0","0","0%","0","0","0%","10","22"
"1004c0ff","ORD7 - 30832","2505600","2505600","0","100.0000%","0","0","0%","0","0","0%","0","0","0%","10","22"
"100112ce","ATL1 - 31335","6739200","6739200","0","100.0000%","0","0","0%","0","0","0%","0","0","0%","10","22"
"10090323","IAH1 - 30554","3628800","3628800","0","100.0000%","0","0","0%","0","0","0%","0","0","0%","10","22"
"10035cb5","IAH3 - 30178","3369600","3369600","0","100.0000%","0","0","0%","0","0","0%","0","0","0%","10","22"
"10015d48","BOS1- 34148","5616000","5616000","0","100.0000%","0","0","0%","0","0","0%","0","0","0%","10","22"
"100eed3d","ORD2 - 30567","4838400","4838400","0","100.0000%","0","0","0%","0","0","0%","0","0","0%","10","22"
"10083044","ORD5 - 30834","5011200","5011200","0","100.0000%","0","0","0%","0","0","0%","0","0","0%","10","22"
"10109078","DTW - 30560","2851200","2851200","0","100.0000%","0","0","0%","0","0","0%","0","0","0%","10","22"
"10007c0c","ORD1 - 31387","3283200","3283200","0","100.0000%","0","0","0%","0","0","0%","0","0","0%","10","22"
"100d7b9b","SEA1 - 31232","4406400","4406400","0","100.0000%","0","0","0%","0","0","0%","0","0","0%","10","22"
"1000fede","ORD3 - 30566","6048000","6048000","0","100.0000%","0","0","0%","0","0","0%","0","0","0%","10","22"
"100b317d","ATL2 - 30564","6134400","6134400","0","100.0000%","0","0","0%","0","0","0%","0","0","0%","10","22"
"100d1583","IAD - 30153","3456000","3456000","0","100.0000%","0","0","0%","0","0","0%","0","0","0%","10","22"
"10093b39","PHL - 31493","5529600","5529600","0","100.0000%","0","0","0%","0","0","0%","0","0","0%","10","22"
"100248df","ORD4 - 30191","6048000","6048000","0","100.0000%","0","0","0%","0","0","0%","0","0","0%","10","22"
"1001eb37","BOS2 - 31336","2592000","2592000","0","100.0000%","0","0","0%","0","0","0%","0","0","0%","10","22"
"10077d26","SJU1 - 31559","5702400","5702400","0","100.0000%","0","0","0%","0","0","0%","0","0","0%","10","22"
"10033c8f","IAH2 - 30556","2937600","2937600","0","100.0000%","0","0","0%","0","0","0%","0","0","0%","10","22"
"1008252d","RDU - 30177","2332800","2332800","0","100.0000%","0","0","0%","0","0","0%","0","0","0%","10","22"
"1007809a","LAX2 - 30668","6134400","6134400","0","100.0000%","0","0","0%","0","0","0%","0","0","0%","10","22"
"10061de1","MIA2 - 31246","5961600","5961600","0","100.0000%","0","0","0%","0","0","0%","0","0","0%","10","22"
"100c3985","JFK1 - 30557","5184000","5184000","0","100.0000%","0","0","0%","0","0","0%","0","0","0%","10","22"
"1009004c","CVG - 32885","3196800","3196800","0","100.0000%","0","0","0%","0","0","0%","0","0","0%","10","22"
"1009e6c6","LAX1 - 30331","5616000","5616000","0","100.0000%","0","0","0%","0","0","0%","0","0","0%","10","22"
"1002ea86","ORD6 - 30833","2678400","2678400","0","100.0000%","0","0","0%","0","0","0%","0","0","0%","10","22"
"1004bbe9","SFO2 - 30555","5875200","5875200","0","100.0000%","0","0","0%","0","0","0%","0","0","0%","10","22"
"1001f8a7","PDX - 32813","4665600","4665600","0","100.0000%","0","0","0%","0","0","0%","0","0","0%","10","22"
"10012346","DFW2 - 29295","3801600","3801600","0","100.0000%","0","0","0%","0","0","0%","0","0","0%","10","22"
"100a54e9","DFW1 - 29290","3974400","3974400","0","100.0000%","0","0","0%","0","0","0%","0","0","0%","10","22"
